{"cameraMode":{"drawMode":0,"name":"Shaded","section":"Shading Mode"},"sceneLighting":true,"audioPlay":false,"sceneViewState":{"m_AlwaysRefresh":false,"showFog":true,"showSkybox":true,"showFlares":true,"showImageEffects":true,"showParticleSystems":true,"showVisualEffectGraphs":true,"m_FxEnabled":true},"in2DMode":false,"pivot":{"x":412.720458984375,"y":127.04420471191406,"z":84.40617370605469},"rotation":{"x":-0.06027081981301308,"y":-0.009884719736874104,"z":0.0005910269683226943,"w":-0.9981404542922974},"size":227.17654418945313,"orthographic":false}