{"cameraMode":{"drawMode":0,"name":"Shaded","section":"Shading Mode"},"sceneLighting":false,"audioPlay":false,"sceneViewState":{"m_AlwaysRefresh":false,"showFog":true,"showSkybox":false,"showFlares":true,"showImageEffects":true,"showParticleSystems":true,"showVisualEffectGraphs":true,"m_FxEnabled":true},"in2DMode":false,"pivot":{"x":-0.10045866668224335,"y":0.005049178376793861,"z":-0.02584800124168396},"rotation":{"x":0.007398605812340975,"y":0.9906561374664307,"z":-0.05981826037168503,"w":0.12245550006628037},"size":0.12990382313728333,"orthographic":false}